,V0 [V],dV0 [V],BN0 [MHz],dBN0 [MHz],Gamma [MHz],dGamma [MHz]
0,0.3298784549258691,0.00010919868652081863,1026.9167015652324,0.6211727042245201,13.718537545295156,0.9037730430906524
