,V0 [V],dV0 [V],BN0 [MHz],dBN0 [MHz],Gamma [MHz],dGamma [MHz]
0,0.3363977158970513,7.079217907383354e-05,1028.1630816970912,0.18943438294624254,13.210884941278554,0.5678131998934889
