,BN_cooler [MHz],PhotoEm [V],Error [V]
0,1030,0.0013535420692529707,0.0008744207994959641
1,1032,0.009448105182301483,0.001541260479777195
2,1034,0.022067082716160036,0.0011028329595667479
3,1036,0.03618004317852391,0.001114878373023367
4,1038,0.047012891458168914,0.0015772423720468369
5,1040,0.05455859746991822,0.0017287721591006107
6,1042,0.052356780750386515,0.000978107773702353
7,1044,0.03711247479156706,0.001356457045872601
