,BN_cooler [MHz],PhotoEm [V],Error [V]
0,1034,0.015387175575175875,0.0007581722774210987
1,1036,0.023309858736178364,0.000762603780236823
2,1038,0.033497132236865484,0.0007445452061356192
3,1040,0.03959609008632677,0.0008207466091437407
4,1042,0.04183947720454318,0.0007635227608886829
5,1044,0.04201655030229232,0.0007588681750578883
6,1046,0.03236710371036558,0.0007342186818473202
7,1048,0.016952124983711785,0.000767265832472593
