,BN_cooler [MHz],PhotoEm [V],Error [V]
0,1030,-0.00016132584798317592,0.000994963576269622
1,1032,0.012254605667614932,0.0008677572740221105
2,1034,0.02531634262212697,0.0011043266037228244
3,1036,0.0401996410745749,0.0011700707767662924
4,1038,0.055185884848897894,0.0023947225136561473
5,1040,0.0521031399165015,0.0013413280355847215
6,1042,0.035359560665867686,0.0008861150654525487
7,1044,0.012391359956990998,0.0011597235031392391
