,BN_cooler [MHz],PhotoEm [V],Error [V]
0,1030,-0.0008017341095490696,0.0013130084589986271
1,1032,0.01089657848016042,0.0013895114183131445
2,1034,0.02158377454814653,0.0010672699956534885
3,1036,0.0379338916441231,0.0011841401791465294
4,1038,0.032384555482642685,0.001170112260255318
5,1040,0.014552681169156865,0.0013632826616069111
6,1042,0.01030244746731756,0.001103154205071091
7,1044,0.010398458979800004,0.0013334416474134344
