,BN_cooler [MHz],PhotoEm [V],Error [V]
0,1030,0.0002115551485694737,0.0011364532527115925
1,1032,0.009569891045490905,0.0010013633523756392
2,1034,-0.002521345932169884,0.0009252769721789805
3,1036,0.03138704721017795,0.0010011093807732198
4,1038,0.042512220066461805,0.001284220936066186
5,1040,0.05053323340965953,0.0013863201960919325
6,1042,0.05051086326354904,0.0012297156568388864
7,1044,0.04169204028592432,0.001424290005666784
