,BN_cooler [MHz],PhotoEm [V],Error [V]
0,1030,0.0012274115224594092,0.0014324549909823171
1,1032,-0.002528022332210271,0.0009448697318833739
2,1034,0.023219834221620217,0.0012031971952865853
3,1036,0.03751489326272569,0.000937892357695915
4,1038,0.04917047391399123,0.0008670565851822794
5,1040,0.05565231296893355,0.001007340758283515
6,1042,0.04587694944976395,0.0014305059880000291
7,1044,0.011383852053737417,0.0011968407476899885
