,BN_cooler [MHz],PhotoEm [V],Error [V]
0,1030,0.0023029698273740254,0.0007901917708826124
1,1032,0.01220577456238274,0.00076849090906686
2,1034,0.025695522536919334,0.0007443870442448435
3,1036,0.04115407783372894,0.0007507358826867262
4,1038,0.05692538928554972,0.000776100257916068
5,1040,0.05266237552905287,0.0007661520306906877
6,1042,0.035455693023782923,0.000765983819193941
7,1044,0.013733369709979834,0.0007930726759205558
