,BN_cooler [MHz],PhotoEm [V],Error [V]
0,1030,0.0026289262463777135,0.0007662595625939206
1,1032,0.013051241538427447,0.0007574635391221508
2,1034,0.027012713705009628,0.0007400922791751076
3,1036,0.042925475485974654,0.0007881465462645451
4,1038,0.05052834432566798,0.0007559022227066288
5,1040,0.04228884357921727,0.0007817292784138928
6,1042,0.020149785794626812,0.0007724525016443737
7,1044,0.01158669480161266,0.0007396711587676128
