,BN_cooler [MHz],PhotoEm [V],Error [V]
0,1034,0.01590852070818305,0.0008723749705262167
1,1036,0.026477514566355293,0.0008932902103224972
2,1038,0.0364129839899373,0.0011808402019644277
3,1040,0.04307901711231138,0.001284906960155903
4,1042,0.048155088756814346,0.0011537667844055204
5,1044,0.04258543143328675,0.0008809490107517897
6,1046,0.02898183538230703,0.0010645731375574987
7,1048,0.013016794297273928,0.0010223739262453983
