,BN_cooler [MHz],PhotoEm [V],Error [V]
0,1030,7.574969073907006e-05,0.0007587758843744769
1,1032,0.01044040694832804,0.0007483171976888692
2,1034,0.018800524454430617,0.000756231417075451
3,1036,0.03205538167441012,0.0007850049183661104
4,1038,0.04301347029375417,0.0007505364849187047
5,1040,0.05127251975291619,0.0007569920357477129
6,1042,0.05101211597436831,0.000800534044899199
7,1044,0.042410725773830454,0.0007691401808444365
