,BN_cooler [MHz],PhotoEm [V],Error [V]
0,1030,0.0022543247133621123,0.0014425114002885276
1,1032,0.011129400284590451,0.001266469074947256
2,1034,0.026623614583915895,0.001076951269827104
3,1036,0.04248297060316212,0.0011349274965014922
4,1038,0.050277339232411344,0.0010575318405381341
5,1040,0.04180132725549187,0.0011272459636411467
6,1042,0.01858118525923404,0.0014883485465102529
7,1044,0.00976937401767966,0.0014414263925695853
